[
    {
        "name":"lhs",
        "img":"/lhs/bg/bg.jpg",
        "textName":"老槐树",
        "dirName":"lhs",
        "isStart":false,
        "personLength":7,
        "createUser":null,
        "onlineUsers":[],
        "firstkeys":[
            {
                "name":"赤脚医生",
                "clue":[
                    {"name":"白色粉末.png","isOpen":false,"select":null},
                    {"name":"打油诗.png","isOpen":false,"select":null}
                ]
            },
            {
                "name":"村长办公室",
                "clue":[
                    {"name":"工程队的来信.png","isOpen":false,"select":null},
                    {"name":"字帖.png","isOpen":false,"select":null},
                    {"name":"申请函.png","isOpen":false,"select":null}
                ]
            },
            {
                "name":"打谷场",
                "clue":[
                    {"name":"弹弓.png","isOpen":false,"select":null},
                    {"name":"手帕.png","isOpen":false,"select":null},
                    {"name":"小洞.png","isOpen":false,"select":null}
                ]
            },
            {
                "name":"郭大槐",
                "clue":[
                    {"name":"名单.png","isOpen":false,"select":null},
                    {"name":"医嘱.png","isOpen":false,"select":null}
                ]
            },
            {
                "name":"钱有钱",
                "clue":[
                    {"name":"阿有的信件.png","isOpen":false,"select":null},
                    {"name":"汇款记录.png","isOpen":false,"select":null}
                ]
            },
            {
                "name":"佟石明",
                "clue":[
                    {"name":"木工.png","isOpen":false,"select":null},
                    {"name":"日记本.png","isOpen":false,"select":null}
                ]
            },
            {
                "name":"秀琴",
                "clue":[
                    {"name":"高利贷.png","isOpen":false,"select":null},
                    {"name":"老鼠.png","isOpen":false,"select":null}
                ]
            },
            {
                "name":"赵香兰",
                "clue":[
                    {"name":"石碾.png","isOpen":false,"select":null},
                    {"name":"小人.png","isOpen":false,"select":null}
                ]
            }
        ],
        "secondKeys":[
            {
                "name":"赤脚医生",
                "clue":[
                    {"name":"一本医书.png","isOpen":false,"select":null},
                    {"name":"一副人皮面具.png","isOpen":false,"select":null},
                    {"name":"一块手表.png","isOpen":false,"select":null}
                ]
            },
            {
                "name":"村长办公室",
                "clue":[
                    {"name":"荣誉证书.png","isOpen":false,"select":null},
                    {"name":"失踪报告.png","isOpen":false,"select":null},
                    {"name":"信件.png","isOpen":false,"select":null}
                ]
            },
            {
                "name":"打谷场",
                "clue":[
                    {"name":"地面.png","isOpen":false,"select":null},
                    {"name":"红肿.png","isOpen":false,"select":null},
                    {"name":"演讲稿.png","isOpen":false,"select":null}
                ]
            },
            {
                "name":"郭大槐",
                "clue":[
                    {"name":"歌谣.png","isOpen":false,"select":null},
                    {"name":"秘方.png","isOpen":false,"select":null},
                    {"name":"祖训.png","isOpen":false,"select":null}
                ]
            },
            {
                "name":"钱有钱",
                "clue":[
                    {"name":"旧报纸.png","isOpen":false,"select":null},
                    {"name":"旧书.png","isOpen":false,"select":null},
                    {"name":"手札.png","isOpen":false,"select":null}
                ]
            },
            {
                "name":"佟石明",
                "clue":[
                    {"name":"车票.png","isOpen":false,"select":null},
                    {"name":"挂坠.png","isOpen":false,"select":null},
                    {"name":"蘑菇.png","isOpen":false,"select":null}
                ]
            },
            {
                "name":"秀琴",
                "clue":[
                    {"name":"1979报纸.png","isOpen":false,"select":null},
                    {"name":"抚恤金.png","isOpen":false,"select":null},
                    {"name":"酒窖.png","isOpen":false,"select":null}
                ]
            },
            {
                "name":"赵香兰",
                "clue":[
                    {"name":"刀.png","isOpen":false,"select":null},
                    {"name":"蓝色荷包.png","isOpen":false,"select":null},
                    {"name":"心情日记.png","isOpen":false,"select":null}
                ]
            }
        ],
        "openFirstKeys":[],
        "openSecondKeys":[],
        "userList":[
            {
                "name":"赤脚医生",
                "img":"/赤脚医生/赤脚医生.jpg",
                "user":"选择",
                "firstKey":[],
                "secondKeys":[],
                "isDm":false
            },
            {
                "name":"郭大槐",
                "img":"/郭大槐/郭大槐.jpg",
                "user":"选择",
                "firstKey":[],
                "secondKeys":[],
                "isDm":false
            },
            {
                "name":"钱有钱",
                "img":"/钱有钱/钱有钱.jpg",
                "user":"选择",
                "firstKey":[],
                "secondKeys":[],
                "isDm":false
            },
            {
                "name":"佟石明",
                "img":"/佟石明/佟石明.jpg",
                "user":"选择",
                "firstKey":[],
                "secondKeys":[],
                "isDm":false
            },
            {
                "name":"秀琴",
                "img":"/秀琴/秀琴.jpg",
                "user":"选择",
                "firstKey":[],
                "secondKeys":[],
                "isDm":false
            },
            {
                "name":"赵香兰",
                "img":"/赵香兰/赵香兰.jpg",
                "user":"选择",
                "firstKey":[],
                "secondKeys":[],
                "isDm":false
            },
            {
                "name":"组织者手册",
                "img":"/组织者手册/组织者手册.jpg",
                "user":"选择",
                "isDm":true
            }
        ]
    }
]