[
	{
		"username": "caiwentian",
		"password": "a123456"
	},
	{
		"username": "caiziyan",
		"password": "a123456"
	},
	{
		"username": "caixiaolin",
		"password": "a123456"
	},
	{
		"username": "wangchuanjia",
		"password": "a123456"
	},
	{
		"username": "caiwenshui",
		"password": "a123456"
	},
	{
		"username": "wangankai",
		"password": "a123456"
	},
	{
		"username": "user1",
		"password": "a123456"
	},
	{
		"username": "user2",
		"password": "a123456"
	},
	{
		"username": "user3",
		"password": "a123456"
	},
	{
		"username": "user4",
		"password": "a123456"
	},
	{
		"username": "user5",
		"password": "a123456"
	},
	{
		"username": "user6",
		"password": "a123456"
	},
	{
		"username": "user7",
		"password": "a123456"
	}
]